Date,Cases
2020-01-22T00:00:00Z,0
2020-01-23T00:00:00Z,1
2020-01-24T00:00:00Z,3
2020-01-25T00:00:00Z,3
2020-01-26T00:00:00Z,4
2020-01-27T00:00:00Z,5
2020-01-28T00:00:00Z,7
2020-01-29T00:00:00Z,7
2020-01-30T00:00:00Z,10
2020-01-31T00:00:00Z,13
2020-02-01T00:00:00Z,16
2020-02-02T00:00:00Z,18
2020-02-03T00:00:00Z,18
2020-02-04T00:00:00Z,24
2020-02-05T00:00:00Z,28
2020-02-06T00:00:00Z,28
2020-02-07T00:00:00Z,30
2020-02-08T00:00:00Z,33
2020-02-09T00:00:00Z,40
2020-02-10T00:00:00Z,45
2020-02-11T00:00:00Z,47
2020-02-12T00:00:00Z,50
2020-02-13T00:00:00Z,58
2020-02-14T00:00:00Z,67
2020-02-15T00:00:00Z,72
2020-02-16T00:00:00Z,75
2020-02-17T00:00:00Z,77
2020-02-18T00:00:00Z,81
2020-02-19T00:00:00Z,84
2020-02-20T00:00:00Z,84
2020-02-21T00:00:00Z,85
2020-02-22T00:00:00Z,85
2020-02-23T00:00:00Z,89
2020-02-24T00:00:00Z,89
2020-02-25T00:00:00Z,91
2020-02-26T00:00:00Z,93
2020-02-27T00:00:00Z,93
2020-02-28T00:00:00Z,93
2020-02-29T00:00:00Z,102
2020-03-01T00:00:00Z,106
2020-03-02T00:00:00Z,108
2020-03-03T00:00:00Z,110
2020-03-04T00:00:00Z,110
2020-03-05T00:00:00Z,117
2020-03-06T00:00:00Z,130
2020-03-07T00:00:00Z,138
2020-03-08T00:00:00Z,150
2020-03-09T00:00:00Z,150
2020-03-10T00:00:00Z,160
2020-03-11T00:00:00Z,178
2020-03-12T00:00:00Z,178
2020-03-13T00:00:00Z,200
2020-03-14T00:00:00Z,212
2020-03-15T00:00:00Z,226
2020-03-16T00:00:00Z,243
2020-03-17T00:00:00Z,266
2020-03-18T00:00:00Z,313
2020-03-19T00:00:00Z,345
2020-03-20T00:00:00Z,385
2020-03-21T00:00:00Z,432
2020-03-22T00:00:00Z,455
2020-03-23T00:00:00Z,509
2020-03-24T00:00:00Z,558
2020-03-25T00:00:00Z,631
2020-03-26T00:00:00Z,683
2020-03-27T00:00:00Z,732
2020-03-28T00:00:00Z,802
2020-03-29T00:00:00Z,844
2020-03-30T00:00:00Z,879
2020-03-31T00:00:00Z,926
2020-04-01T00:00:00Z,1000
2020-04-02T00:00:00Z,1049
2020-04-03T00:00:00Z,1114
2020-04-04T00:00:00Z,1189
2020-04-05T00:00:00Z,1309
2020-04-06T00:00:00Z,1375
2020-04-07T00:00:00Z,1481
2020-04-08T00:00:00Z,1623
2020-04-09T00:00:00Z,1910
2020-04-10T00:00:00Z,2108
2020-04-11T00:00:00Z,2299
2020-04-12T00:00:00Z,2532
2020-04-13T00:00:00Z,2918
2020-04-14T00:00:00Z,3252
2020-04-15T00:00:00Z,3699
2020-04-16T00:00:00Z,4427
2020-04-17T00:00:00Z,5050
2020-04-18T00:00:00Z,5992
2020-04-19T00:00:00Z,6588
2020-04-20T00:00:00Z,8014
2020-04-21T00:00:00Z,9125
2020-04-22T00:00:00Z,10141
2020-04-23T00:00:00Z,11178
2020-04-24T00:00:00Z,12075
2020-04-25T00:00:00Z,12693
2020-04-26T00:00:00Z,13624
2020-04-27T00:00:00Z,14423
2020-04-28T00:00:00Z,14951
2020-04-29T00:00:00Z,15641
2020-04-30T00:00:00Z,16169
2020-05-01T00:00:00Z,17101
2020-05-02T00:00:00Z,17548
2020-05-03T00:00:00Z,18205
2020-05-04T00:00:00Z,18778
2020-05-05T00:00:00Z,19410
2020-05-06T00:00:00Z,20198
2020-05-07T00:00:00Z,20939
2020-05-08T00:00:00Z,21707
2020-05-09T00:00:00Z,22460
2020-05-10T00:00:00Z,23336
2020-05-11T00:00:00Z,23822
2020-05-12T00:00:00Z,24671
2020-05-13T00:00:00Z,25346
2020-05-14T00:00:00Z,26098
2020-05-15T00:00:00Z,26891
2020-05-16T00:00:00Z,27356
2020-05-17T00:00:00Z,28038
2020-05-18T00:00:00Z,28343
2020-05-19T00:00:00Z,28794
2020-05-20T00:00:00Z,29364
2020-05-21T00:00:00Z,29812
2020-05-22T00:00:00Z,30426
2020-05-23T00:00:00Z,31068
2020-05-24T00:00:00Z,31616
2020-05-25T00:00:00Z,31960
2020-05-26T00:00:00Z,32343
2020-05-27T00:00:00Z,32876
2020-05-28T00:00:00Z,33249
2020-05-29T00:00:00Z,33860
2020-05-30T00:00:00Z,34366
2020-05-31T00:00:00Z,34884
2020-06-01T00:00:00Z,35292
2020-06-02T00:00:00Z,35836
2020-06-03T00:00:00Z,36405
2020-06-04T00:00:00Z,36922
2020-06-05T00:00:00Z,37183
2020-06-06T00:00:00Z,37527
2020-06-07T00:00:00Z,37910
2020-06-08T00:00:00Z,38296
2020-06-09T00:00:00Z,38514
2020-06-10T00:00:00Z,38965
2020-06-11T00:00:00Z,39387
2020-06-12T00:00:00Z,39850
2020-06-13T00:00:00Z,40197
2020-06-14T00:00:00Z,40604
2020-06-15T00:00:00Z,40818
2020-06-16T00:00:00Z,40969
2020-06-17T00:00:00Z,41216
2020-06-18T00:00:00Z,41473
2020-06-19T00:00:00Z,41615
2020-06-20T00:00:00Z,41833
2020-06-21T00:00:00Z,42095
2020-06-22T00:00:00Z,42313
2020-06-23T00:00:00Z,42432
2020-06-24T00:00:00Z,42623
2020-06-25T00:00:00Z,42736
2020-06-26T00:00:00Z,42955
2020-06-27T00:00:00Z,43246
2020-06-28T00:00:00Z,43459
2020-06-29T00:00:00Z,43661
2020-06-30T00:00:00Z,43907
2020-07-01T00:00:00Z,44122
2020-07-02T00:00:00Z,44310
2020-07-03T00:00:00Z,44479
2020-07-04T00:00:00Z,44664
2020-07-05T00:00:00Z,44800
2020-07-06T00:00:00Z,44983
2020-07-07T00:00:00Z,45140
2020-07-08T00:00:00Z,45298
2020-07-09T00:00:00Z,45423
2020-07-10T00:00:00Z,45614
2020-07-11T00:00:00Z,45783
2020-07-12T00:00:00Z,45961
2020-07-13T00:00:00Z,46283
2020-07-14T00:00:00Z,46630
2020-07-15T00:00:00Z,46878
2020-07-16T00:00:00Z,47126
2020-07-17T00:00:00Z,47453
2020-07-18T00:00:00Z,47655
2020-07-19T00:00:00Z,47912
2020-07-20T00:00:00Z,48035
2020-07-21T00:00:00Z,48434
2020-07-22T00:00:00Z,48744
2020-07-23T00:00:00Z,49098
2020-07-24T00:00:00Z,49375
2020-07-25T00:00:00Z,49888
2020-07-26T00:00:00Z,50369
2020-07-27T00:00:00Z,50838
2020-07-28T00:00:00Z,51197
2020-07-29T00:00:00Z,51531
2020-07-30T00:00:00Z,51809
2020-07-31T00:00:00Z,52205
2020-08-01T00:00:00Z,52512
2020-08-02T00:00:00Z,52825
2020-08-03T00:00:00Z,53051
2020-08-04T00:00:00Z,53346
2020-08-05T00:00:00Z,54254
2020-08-06T00:00:00Z,54555
2020-08-07T00:00:00Z,54797
2020-08-08T00:00:00Z,54929
2020-08-09T00:00:00Z,55104
2020-08-10T00:00:00Z,55292
2020-08-11T00:00:00Z,55353
2020-08-12T00:00:00Z,55395
2020-08-13T00:00:00Z,55497
2020-08-14T00:00:00Z,55580
2020-08-15T00:00:00Z,55661
2020-08-16T00:00:00Z,55747
2020-08-17T00:00:00Z,55838
2020-08-18T00:00:00Z,55938
2020-08-19T00:00:00Z,56031
2020-08-20T00:00:00Z,56099
2020-08-21T00:00:00Z,56216
2020-08-22T00:00:00Z,56266
2020-08-23T00:00:00Z,56353
2020-08-24T00:00:00Z,56404
2020-08-25T00:00:00Z,56435
2020-08-26T00:00:00Z,56495
2020-08-27T00:00:00Z,56572
2020-08-28T00:00:00Z,56666
2020-08-29T00:00:00Z,56717
2020-08-30T00:00:00Z,56771
2020-08-31T00:00:00Z,56812
2020-09-01T00:00:00Z,56852
2020-09-02T00:00:00Z,56860
2020-09-03T00:00:00Z,56908
2020-09-04T00:00:00Z,56948
2020-09-05T00:00:00Z,56982
2020-09-06T00:00:00Z,57022
2020-09-07T00:00:00Z,57044
2020-09-08T00:00:00Z,57091
2020-09-09T00:00:00Z,57166
2020-09-10T00:00:00Z,57229
2020-09-11T00:00:00Z,57315
2020-09-12T00:00:00Z,57357
2020-09-13T00:00:00Z,57406
2020-09-14T00:00:00Z,57454
2020-09-15T00:00:00Z,57488
2020-09-16T00:00:00Z,57514
2020-09-17T00:00:00Z,57532
2020-09-18T00:00:00Z,57543
2020-09-19T00:00:00Z,57558
2020-09-20T00:00:00Z,57576
2020-09-21T00:00:00Z,57606
2020-09-22T00:00:00Z,57627
2020-09-23T00:00:00Z,57639
2020-09-24T00:00:00Z,57654
2020-09-25T00:00:00Z,57665
2020-09-26T00:00:00Z,57685
2020-09-27T00:00:00Z,57700
2020-09-28T00:00:00Z,57715
2020-09-29T00:00:00Z,57742
2020-09-30T00:00:00Z,57765
2020-10-01T00:00:00Z,57784
2020-10-02T00:00:00Z,57794
2020-10-03T00:00:00Z,57800
2020-10-04T00:00:00Z,57812
2020-10-05T00:00:00Z,57819
2020-10-06T00:00:00Z,57830
2020-10-07T00:00:00Z,57840
2020-10-08T00:00:00Z,57849
2020-10-09T00:00:00Z,57859
2020-10-10T00:00:00Z,57866
2020-10-11T00:00:00Z,57876
2020-10-12T00:00:00Z,57880
2020-10-13T00:00:00Z,57884
2020-10-14T00:00:00Z,57889
2020-10-15T00:00:00Z,57892
2020-10-16T00:00:00Z,57901
2020-10-17T00:00:00Z,57904
2020-10-18T00:00:00Z,57911
2020-10-19T00:00:00Z,57915
2020-10-20T00:00:00Z,57921
2020-10-21T00:00:00Z,57933
2020-10-22T00:00:00Z,57941
2020-10-23T00:00:00Z,57951
2020-10-24T00:00:00Z,57965
2020-10-25T00:00:00Z,57970
2020-10-26T00:00:00Z,57973
2020-10-27T00:00:00Z,57980
2020-10-28T00:00:00Z,57987
2020-10-29T00:00:00Z,57994
2020-10-30T00:00:00Z,58003
2020-10-31T00:00:00Z,58015
2020-11-01T00:00:00Z,58019
2020-11-02T00:00:00Z,58020
2020-11-03T00:00:00Z,58029
2020-11-04T00:00:00Z,58036
2020-11-05T00:00:00Z,58043
2020-11-06T00:00:00Z,58047
2020-11-07T00:00:00Z,58054
2020-11-08T00:00:00Z,58056
2020-11-09T00:00:00Z,58064
2020-11-10T00:00:00Z,58073
2020-11-11T00:00:00Z,58091
2020-11-12T00:00:00Z,58102
2020-11-13T00:00:00Z,58114
2020-11-14T00:00:00Z,58116
2020-11-15T00:00:00Z,58119
2020-11-16T00:00:00Z,58124
2020-11-17T00:00:00Z,58130
2020-11-18T00:00:00Z,58135
2020-11-19T00:00:00Z,58139
2020-11-20T00:00:00Z,58143
2020-11-21T00:00:00Z,58148
2020-11-22T00:00:00Z,58160
2020-11-23T00:00:00Z,58165
2020-11-24T00:00:00Z,58183
2020-11-25T00:00:00Z,58190
2020-11-26T00:00:00Z,58195
2020-11-27T00:00:00Z,58199
2020-11-28T00:00:00Z,58205
2020-11-29T00:00:00Z,58213
2020-11-30T00:00:00Z,58218
2020-12-01T00:00:00Z,58228
2020-12-02T00:00:00Z,58230
2020-12-03T00:00:00Z,58239
2020-12-04T00:00:00Z,58242
2020-12-05T00:00:00Z,58255
2020-12-06T00:00:00Z,58260
2020-12-07T00:00:00Z,58273
2020-12-08T00:00:00Z,58285
2020-12-09T00:00:00Z,58291
2020-12-10T00:00:00Z,58297
2020-12-11T00:00:00Z,58305
2020-12-12T00:00:00Z,58313
2020-12-13T00:00:00Z,58320
2020-12-14T00:00:00Z,58325
2020-12-15T00:00:00Z,58341
2020-12-16T00:00:00Z,58353
2020-12-17T00:00:00Z,58377
2020-12-18T00:00:00Z,58386
2020-12-19T00:00:00Z,58403
2020-12-20T00:00:00Z,58422
2020-12-21T00:00:00Z,58432
2020-12-22T00:00:00Z,58461
2020-12-23T00:00:00Z,58482
2020-12-24T00:00:00Z,58495
2020-12-25T00:00:00Z,58509
2020-12-26T00:00:00Z,58519
2020-12-27T00:00:00Z,58524
2020-12-28T00:00:00Z,58529
2020-12-29T00:00:00Z,58542
2020-12-30T00:00:00Z,58569
2020-12-31T00:00:00Z,58599
2021-01-01T00:00:00Z,58629
2021-01-02T00:00:00Z,58662
2021-01-03T00:00:00Z,58697
2021-01-04T00:00:00Z,58721
2021-01-05T00:00:00Z,58749
2021-01-06T00:00:00Z,58780
2021-01-07T00:00:00Z,58813
2021-01-08T00:00:00Z,58836
2021-01-09T00:00:00Z,58865
2021-01-10T00:00:00Z,58907
2021-01-11T00:00:00Z,58929
2021-01-12T00:00:00Z,58946
2021-01-13T00:00:00Z,58984
2021-01-14T00:00:00Z,59029
2021-01-15T00:00:00Z,59059
2021-01-16T00:00:00Z,59083
2021-01-17T00:00:00Z,59113
2021-01-18T00:00:00Z,59127
2021-01-19T00:00:00Z,59157
2021-01-20T00:00:00Z,59197
2021-01-21T00:00:00Z,59235
2021-01-22T00:00:00Z,59250
2021-01-23T00:00:00Z,59260
2021-01-24T00:00:00Z,59308
2021-01-25T00:00:00Z,59352
2021-01-26T00:00:00Z,59366
2021-01-27T00:00:00Z,59391
2021-01-28T00:00:00Z,59425
2021-01-29T00:00:00Z,59449
2021-01-30T00:00:00Z,59507
2021-01-31T00:00:00Z,59536
2021-02-01T00:00:00Z,59565
2021-02-02T00:00:00Z,59584
2021-02-03T00:00:00Z,59602
2021-02-04T00:00:00Z,59624
2021-02-05T00:00:00Z,59649
2021-02-06T00:00:00Z,59675
2021-02-07T00:00:00Z,59699
2021-02-08T00:00:00Z,59721
2021-02-09T00:00:00Z,59732
2021-02-10T00:00:00Z,59747
2021-02-11T00:00:00Z,59759
2021-02-12T00:00:00Z,59777
2021-02-13T00:00:00Z,59786
2021-02-14T00:00:00Z,59800
2021-02-15T00:00:00Z,59809
2021-02-16T00:00:00Z,59810
2021-02-17T00:00:00Z,59821
2021-02-18T00:00:00Z,59832
2021-02-19T00:00:00Z,59846
2021-02-20T00:00:00Z,59858
2021-02-21T00:00:00Z,59869
2021-02-22T00:00:00Z,59879
2021-02-23T00:00:00Z,59883
2021-02-24T00:00:00Z,59890
2021-02-25T00:00:00Z,59900
2021-02-26T00:00:00Z,59913
2021-02-27T00:00:00Z,59925
2021-02-28T00:00:00Z,59936
2021-03-01T00:00:00Z,59948
2021-03-02T00:00:00Z,59956
2021-03-03T00:00:00Z,59979
2021-03-04T00:00:00Z,59998
2021-03-05T00:00:00Z,60007
2021-03-06T00:00:00Z,60020
2021-03-07T00:00:00Z,60033
2021-03-08T00:00:00Z,60046
2021-03-09T00:00:00Z,60052
2021-03-10T00:00:00Z,60062
2021-03-11T00:00:00Z,60070
2021-03-12T00:00:00Z,60080
2021-03-13T00:00:00Z,60088
2021-03-14T00:00:00Z,60105
2021-03-15T00:00:00Z,60117
2021-03-16T00:00:00Z,60128
2021-03-17T00:00:00Z,60137
2021-03-18T00:00:00Z,60152
2021-03-19T00:00:00Z,60167
2021-03-20T00:00:00Z,60184
2021-03-21T00:00:00Z,60196
2021-03-22T00:00:00Z,60208
2021-03-23T00:00:00Z,60221
2021-03-24T00:00:00Z,60236
2021-03-25T00:00:00Z,60253
2021-03-26T00:00:00Z,60265
2021-03-27T00:00:00Z,60288
2021-03-28T00:00:00Z,60300
2021-03-29T00:00:00Z,60321
2021-03-30T00:00:00Z,60347
2021-03-31T00:00:00Z,60381
2021-04-01T00:00:00Z,60407
2021-04-02T00:00:00Z,60450
2021-04-03T00:00:00Z,60468
2021-04-04T00:00:00Z,60478
2021-04-05T00:00:00Z,60495
2021-04-06T00:00:00Z,60519
2021-04-07T00:00:00Z,60554
2021-04-08T00:00:00Z,60575
2021-04-09T00:00:00Z,60601
2021-04-10T00:00:00Z,60633
2021-04-11T00:00:00Z,60653
2021-04-12T00:00:00Z,60678
2021-04-13T00:00:00Z,60692
2021-04-14T00:00:00Z,60719
2021-04-15T00:00:00Z,60735
2021-04-16T00:00:00Z,60769
2021-04-17T00:00:00Z,60808
2021-04-18T00:00:00Z,60831
2021-04-19T00:00:00Z,60851
2021-04-20T00:00:00Z,60865
2021-04-21T00:00:00Z,60880
2021-04-22T00:00:00Z,60904
2021-04-23T00:00:00Z,60943
2021-04-24T00:00:00Z,60966
2021-04-25T00:00:00Z,61006
2021-04-26T00:00:00Z,61051
2021-04-27T00:00:00Z,61063
2021-04-28T00:00:00Z,61086
2021-04-29T00:00:00Z,61121
2021-04-30T00:00:00Z,61145
2021-05-01T00:00:00Z,61179
2021-05-02T00:00:00Z,61218
2021-05-03T00:00:00Z,61235
2021-05-04T00:00:00Z,61252
2021-05-05T00:00:00Z,61268
2021-05-06T00:00:00Z,61286
2021-05-07T00:00:00Z,61311
2021-05-08T00:00:00Z,61331
2021-05-09T00:00:00Z,61359
2021-05-10T00:00:00Z,61378
2021-05-11T00:00:00Z,61403
2021-05-12T00:00:00Z,61419
2021-05-13T00:00:00Z,61453
2021-05-14T00:00:00Z,61505
2021-05-15T00:00:00Z,61536
2021-05-16T00:00:00Z,61585
2021-05-17T00:00:00Z,61613
2021-05-18T00:00:00Z,61651
2021-05-19T00:00:00Z,61689
2021-05-20T00:00:00Z,61730
2021-05-21T00:00:00Z,61770
2021-05-22T00:00:00Z,61799
2021-05-23T00:00:00Z,61824
2021-05-24T00:00:00Z,61860
2021-05-25T00:00:00Z,61890
2021-05-26T00:00:00Z,61916
2021-05-27T00:00:00Z,61940
2021-05-28T00:00:00Z,61970
2021-05-29T00:00:00Z,62003
2021-05-30T00:00:00Z,62028
2021-05-31T00:00:00Z,62051
2021-06-01T00:00:00Z,62069
2021-06-02T00:00:00Z,62100
2021-06-03T00:00:00Z,62145
2021-06-04T00:00:00Z,62158
2021-06-05T00:00:00Z,62176
2021-06-06T00:00:00Z,62196
2021-06-07T00:00:00Z,62210
2021-06-08T00:00:00Z,62219
2021-06-09T00:00:00Z,62223
2021-06-10T00:00:00Z,62236
2021-06-11T00:00:00Z,62245
2021-06-12T00:00:00Z,62263
2021-06-13T00:00:00Z,62276
2021-06-14T00:00:00Z,62301
2021-06-15T00:00:00Z,62315
2021-06-16T00:00:00Z,62339
2021-06-17T00:00:00Z,62366
2021-06-18T00:00:00Z,62382
2021-06-19T00:00:00Z,62403
2021-06-20T00:00:00Z,62414
2021-06-21T00:00:00Z,62430
2021-06-22T00:00:00Z,62448
2021-06-23T00:00:00Z,62470
2021-06-24T00:00:00Z,62493
2021-06-25T00:00:00Z,62513
2021-06-26T00:00:00Z,62530
2021-06-27T00:00:00Z,62544
2021-06-28T00:00:00Z,62553
2021-06-29T00:00:00Z,62563
2021-06-30T00:00:00Z,62579
2021-07-01T00:00:00Z,62589
2021-07-02T00:00:00Z,62599
2021-07-03T00:00:00Z,62606
2021-07-04T00:00:00Z,62617
2021-07-05T00:00:00Z,62630
2021-07-06T00:00:00Z,62640
2021-07-07T00:00:00Z,62652
2021-07-08T00:00:00Z,62668
2021-07-09T00:00:00Z,62678
2021-07-10T00:00:00Z,62684
2021-07-11T00:00:00Z,62692
2021-07-12T00:00:00Z,62718
2021-07-13T00:00:00Z,62744
2021-07-14T00:00:00Z,62804
2021-07-15T00:00:00Z,62852
2021-07-16T00:00:00Z,62913
2021-07-17T00:00:00Z,62981
2021-07-18T00:00:00Z,63073
2021-07-19T00:00:00Z,63245
2021-07-20T00:00:00Z,63440
2021-07-21T00:00:00Z,63621
2021-07-22T00:00:00Z,63791
2021-07-23T00:00:00Z,63924
2021-07-24T00:00:00Z,64054
2021-07-25T00:00:00Z,64179
2021-07-26T00:00:00Z,64314
2021-07-27T00:00:00Z,64453
2021-07-28T00:00:00Z,64589
2021-07-29T00:00:00Z,64722
2021-07-30T00:00:00Z,64861
2021-07-31T00:00:00Z,64981
2021-08-01T00:00:00Z,65102
2021-08-02T00:00:00Z,65213
2021-08-03T00:00:00Z,65315
2021-08-04T00:00:00Z,65410
2021-08-05T00:00:00Z,65508
2021-08-06T00:00:00Z,65605
2021-08-07T00:00:00Z,65686
2021-08-08T00:00:00Z,65764
2021-08-09T00:00:00Z,65836
2021-08-10T00:00:00Z,65836
2021-08-11T00:00:00Z,65953
2021-08-12T00:00:00Z,66012
2021-08-13T00:00:00Z,66061
2021-08-14T00:00:00Z,66119
2021-08-15T00:00:00Z,66172
2021-08-16T00:00:00Z,66225
2021-08-17T00:00:00Z,66281
2021-08-18T00:00:00Z,66334
2021-08-19T00:00:00Z,66366
2021-08-20T00:00:00Z,66406
2021-08-21T00:00:00Z,66443
2021-08-22T00:00:00Z,66478
2021-08-23T00:00:00Z,66576
2021-08-24T00:00:00Z,66692
2021-08-25T00:00:00Z,66812
2021-08-26T00:00:00Z,66928
2021-08-27T00:00:00Z,66928
2021-08-28T00:00:00Z,67171
2021-08-29T00:00:00Z,67171
2021-08-30T00:00:00Z,67459
2021-08-31T00:00:00Z,67620
2021-09-01T00:00:00Z,67800
2021-09-02T00:00:00Z,67991
2021-09-03T00:00:00Z,68210
2021-09-04T00:00:00Z,68469
2021-09-05T00:00:00Z,68660
2021-09-06T00:00:00Z,68901
2021-09-07T00:00:00Z,69233
2021-09-08T00:00:00Z,69582
2021-09-09T00:00:00Z,70039
2021-09-10T00:00:00Z,70612
2021-09-11T00:00:00Z,71167
2021-09-12T00:00:00Z,71687
2021-09-13T00:00:00Z,72294
2021-09-14T00:00:00Z,73131
2021-09-15T00:00:00Z,73938
2021-09-16T00:00:00Z,74848
2021-09-17T00:00:00Z,75783
2021-09-18T00:00:00Z,76792
2021-09-19T00:00:00Z,77804
2021-09-20T00:00:00Z,78721
2021-09-21T00:00:00Z,79899
2021-09-22T00:00:00Z,81356
2021-09-23T00:00:00Z,82860
2021-09-24T00:00:00Z,84510
2021-09-25T00:00:00Z,85953
2021-09-26T00:00:00Z,87892
2021-09-27T00:00:00Z,89539
2021-09-28T00:00:00Z,91775
2021-09-29T00:00:00Z,94043
2021-09-30T00:00:00Z,96521
2021-10-01T00:00:00Z,99430
2021-10-02T00:00:00Z,101786
2021-10-03T00:00:00Z,103843
2021-10-04T00:00:00Z,106318
2021-10-05T00:00:00Z,109804
2021-10-06T00:00:00Z,113381
2021-10-07T00:00:00Z,116864
2021-10-08T00:00:00Z,120454
2021-10-09T00:00:00Z,124157
2021-10-10T00:00:00Z,126966
2021-10-11T00:00:00Z,129229
2021-10-12T00:00:00Z,132205
2021-10-13T00:00:00Z,135395
2021-10-14T00:00:00Z,138327
2021-10-15T00:00:00Z,141772
2021-10-16T00:00:00Z,145120
2021-10-17T00:00:00Z,148178
2021-10-18T00:00:00Z,150731
2021-10-19T00:00:00Z,154725
2021-10-20T00:00:00Z,158587
2021-10-21T00:00:00Z,162026
2021-10-22T00:00:00Z,165663
2021-10-23T00:00:00Z,169261
2021-10-24T00:00:00Z,172644
2021-10-25T00:00:00Z,175818
2021-10-26T00:00:00Z,179095
2021-10-27T00:00:00Z,184419
2021-10-28T00:00:00Z,187851
2021-10-29T00:00:00Z,192099
2021-10-30T00:00:00Z,195211
2021-10-31T00:00:00Z,198374
2021-11-01T00:00:00Z,200844
2021-11-02T00:00:00Z,204340
2021-11-03T00:00:00Z,207975
2021-11-04T00:00:00Z,210978
2021-11-05T00:00:00Z,212745
2021-11-06T00:00:00Z,215780
2021-11-07T00:00:00Z,218333
2021-11-08T00:00:00Z,220803
2021-11-09T00:00:00Z,224200
2021-11-10T00:00:00Z,227681
2021-11-11T00:00:00Z,230077
2021-11-12T00:00:00Z,233176
2021-11-13T00:00:00Z,235480
2021-11-14T00:00:00Z,237203
2021-11-15T00:00:00Z,239272
2021-11-16T00:00:00Z,241341
2021-11-17T00:00:00Z,244815
2021-11-18T00:00:00Z,244815
2021-11-19T00:00:00Z,248587
2021-11-20T00:00:00Z,250518
2021-11-21T00:00:00Z,252188
2021-11-22T00:00:00Z,253649
2021-11-23T00:00:00Z,255431
2021-11-24T00:00:00Z,257510
2021-11-25T00:00:00Z,258785
2021-11-26T00:00:00Z,259875
2021-11-27T00:00:00Z,261636
2021-11-28T00:00:00Z,262383
2021-11-29T00:00:00Z,263486
2021-11-30T00:00:00Z,264725
2021-12-01T00:00:00Z,266049
2021-12-02T00:00:00Z,267150
2021-12-03T00:00:00Z,267916
2021-12-04T00:00:00Z,268659
2021-12-05T00:00:00Z,269211
2021-12-06T00:00:00Z,269873
2021-12-07T00:00:00Z,270588
2021-12-08T00:00:00Z,271297
2021-12-09T00:00:00Z,271979
2021-12-10T00:00:00Z,272433
2021-12-11T00:00:00Z,272992
2021-12-12T00:00:00Z,273362
2021-12-13T00:00:00Z,273701
2021-12-14T00:00:00Z,274143
2021-12-15T00:00:00Z,274617
2021-12-16T00:00:00Z,274972
2021-12-17T00:00:00Z,275384
2021-12-18T00:00:00Z,275655
2021-12-19T00:00:00Z,275910
2021-12-20T00:00:00Z,276105
2021-12-21T00:00:00Z,276385
2021-12-22T00:00:00Z,276720
2021-12-23T00:00:00Z,277042
2021-12-24T00:00:00Z,277307
2021-12-25T00:00:00Z,277555
2021-12-26T00:00:00Z,277764
2021-12-27T00:00:00Z,278044
2021-12-28T00:00:00Z,278409
2021-12-29T00:00:00Z,278750
2021-12-30T00:00:00Z,279061
2021-12-31T00:00:00Z,279405
2022-01-01T00:00:00Z,279861
2022-01-02T00:00:00Z,280290
2022-01-03T00:00:00Z,280754
2022-01-04T00:00:00Z,281596
2022-01-05T00:00:00Z,282401
2022-01-06T00:00:00Z,283214
2022-01-07T00:00:00Z,283214
2022-01-08T00:00:00Z,284802
2022-01-09T00:00:00Z,285647
2022-01-10T00:00:00Z,286397
2022-01-11T00:00:00Z,287243
2022-01-12T00:00:00Z,288125
2022-01-13T00:00:00Z,289085
2022-01-14T00:00:00Z,290030
2022-01-15T00:00:00Z,290986
2022-01-16T00:00:00Z,291849
2022-01-17T00:00:00Z,293014
2022-01-18T00:00:00Z,294462
2022-01-19T00:00:00Z,296077
2022-01-20T00:00:00Z,297549
2022-01-21T00:00:00Z,307813
2022-01-22T00:00:00Z,310276
2022-01-23T00:00:00Z,313772
2022-01-24T00:00:00Z,316774
2022-01-25T00:00:00Z,322770
2022-01-26T00:00:00Z,327602
2022-01-27T00:00:00Z,333071
2022-01-28T00:00:00Z,338625
2022-01-29T00:00:00Z,343832
2022-01-30T00:00:00Z,348330
2022-01-31T00:00:00Z,352811
2022-02-01T00:00:00Z,359075
2022-02-02T00:00:00Z,362176
2022-02-03T00:00:00Z,366473
2022-02-04T00:00:00Z,379681
2022-02-05T00:00:00Z,379681
2022-02-06T00:00:00Z,390071
2022-02-07T00:00:00Z,405629
2022-02-08T00:00:00Z,418640
2022-02-09T00:00:00Z,428954
2022-02-10T00:00:00Z,439640
2022-02-11T00:00:00Z,449570
2022-02-12T00:00:00Z,460075
2022-02-13T00:00:00Z,469495
2022-02-14T00:00:00Z,478577
2022-02-15T00:00:00Z,497997
2022-02-16T00:00:00Z,514880
2022-02-17T00:00:00Z,533425
2022-02-18T00:00:00Z,551519
2022-02-19T00:00:00Z,576355
2022-02-20T00:00:00Z,582638
2022-02-21T00:00:00Z,596261
2022-02-22T00:00:00Z,622293
2022-02-23T00:00:00Z,642605
2022-02-24T00:00:00Z,661198
2022-02-25T00:00:00Z,679795
2022-02-26T00:00:00Z,696652
2022-02-27T00:00:00Z,710880
2022-02-28T00:00:00Z,724424
2022-03-01T00:00:00Z,748504
2022-03-02T00:00:00Z,767663
2022-03-03T00:00:00Z,785825
2022-03-04T00:00:00Z,803389
2022-03-05T00:00:00Z,819663
2022-03-06T00:00:00Z,832821
2022-03-07T00:00:00Z,846341
2022-03-08T00:00:00Z,846341
2022-03-09T00:00:00Z,885593
2022-03-10T00:00:00Z,901758
2022-03-11T00:00:00Z,917103
2022-03-12T00:00:00Z,929735
2022-03-13T00:00:00Z,939436
2022-03-14T00:00:00Z,948478
2022-03-15T00:00:00Z,964329
2022-03-16T00:00:00Z,975607
2022-03-17T00:00:00Z,986320
2022-03-18T00:00:00Z,996914
2022-03-19T00:00:00Z,1007158
2022-03-20T00:00:00Z,1015017
2022-03-21T00:00:00Z,1022555
2022-03-22T00:00:00Z,1035721
2022-03-23T00:00:00Z,1044661
2022-03-24T00:00:00Z,1053139
2022-03-25T00:00:00Z,1060723
2022-03-26T00:00:00Z,1067157
2022-03-27T00:00:00Z,1067157
2022-03-28T00:00:00Z,1072005
2022-03-29T00:00:00Z,1085094
2022-03-30T00:00:00Z,1090823
2022-03-31T00:00:00Z,1096428
2022-04-01T00:00:00Z,1101438
2022-04-02T00:00:00Z,1106001
2022-04-03T00:00:00Z,1109744
2022-04-04T00:00:00Z,1109744
2022-04-05T00:00:00Z,1119419
2022-04-06T00:00:00Z,1123886
2022-04-07T00:00:00Z,1128155
2022-04-08T00:00:00Z,1132169
2022-04-09T00:00:00Z,1135428
2022-04-10T00:00:00Z,1138001
2022-04-11T00:00:00Z,1140569
2022-04-12T00:00:00Z,1145121
2022-04-13T00:00:00Z,1148656
2022-04-14T00:00:00Z,1152177
2022-04-15T00:00:00Z,1155581
2022-04-16T00:00:00Z,1157251
2022-04-17T00:00:00Z,1160300
2022-04-18T00:00:00Z,1162780
2022-04-19T00:00:00Z,1167498
2022-04-20T00:00:00Z,1170970
2022-04-21T00:00:00Z,1174390
2022-04-22T00:00:00Z,1177415
2022-04-23T00:00:00Z,1180124
2022-04-24T00:00:00Z,1182168
2022-04-25T00:00:00Z,1184226
2022-04-26T00:00:00Z,1187914
2022-04-27T00:00:00Z,1187914
2022-04-28T00:00:00Z,1187914
2022-04-29T00:00:00Z,1193250
2022-04-30T00:00:00Z,1193250
2022-05-01T00:00:00Z,1193250
2022-05-02T00:00:00Z,1200976
2022-05-03T00:00:00Z,1202546
2022-05-04T00:00:00Z,1202546
2022-05-05T00:00:00Z,1208917
2022-05-06T00:00:00Z,1212337
2022-05-07T00:00:00Z,1215499
2022-05-08T00:00:00Z,1217922
2022-05-09T00:00:00Z,1220193
2022-05-10T00:00:00Z,1225024
2022-05-11T00:00:00Z,1228914
2022-05-12T00:00:00Z,1232559
2022-05-13T00:00:00Z,1236850
2022-05-14T00:00:00Z,1240233
2022-05-15T00:00:00Z,1242884
2022-05-16T00:00:00Z,1245007
2022-05-17T00:00:00Z,1247671
2022-05-18T00:00:00Z,1254113
2022-05-19T00:00:00Z,1258691
2022-05-20T00:00:00Z,1263033
2022-05-21T00:00:00Z,1266808
2022-05-22T00:00:00Z,1269635
2022-05-23T00:00:00Z,1272386
2022-05-24T00:00:00Z,1278113
2022-05-25T00:00:00Z,1282280
2022-05-26T00:00:00Z,1286216
2022-05-27T00:00:00Z,1290046
2022-05-28T00:00:00Z,1293369
2022-05-29T00:00:00Z,1295920
2022-05-30T00:00:00Z,1298309
2022-05-31T00:00:00Z,1303294
2022-06-01T00:00:00Z,1306871
2022-06-02T00:00:00Z,1310616
2022-06-03T00:00:00Z,1313849
2022-06-04T00:00:00Z,1316728
2022-06-05T00:00:00Z,1318984
2022-06-06T00:00:00Z,1321146
2022-06-07T00:00:00Z,1325623
2022-06-08T00:00:00Z,1329225
2022-06-09T00:00:00Z,1332656
2022-06-10T00:00:00Z,1335625
2022-06-11T00:00:00Z,1338753
2022-06-12T00:00:00Z,1341256
2022-06-13T00:00:00Z,1343645
2022-06-14T00:00:00Z,1348775
2022-06-15T00:00:00Z,1352681
2022-06-16T00:00:00Z,1355801
2022-06-17T00:00:00Z,1360780
2022-06-18T00:00:00Z,1364562
2022-06-19T00:00:00Z,1367761
2022-06-20T00:00:00Z,1370981
2022-06-21T00:00:00Z,1378090
2022-06-22T00:00:00Z,1383952
2022-06-23T00:00:00Z,1390558
2022-06-24T00:00:00Z,1397074
2022-06-25T00:00:00Z,1403242
2022-06-26T00:00:00Z,1408358
2022-06-27T00:00:00Z,1413667
2022-06-28T00:00:00Z,1425171
2022-06-29T00:00:00Z,1434563
2022-06-30T00:00:00Z,1444068
2022-07-01T00:00:00Z,1453155
2022-07-02T00:00:00Z,1461107
2022-07-03T00:00:00Z,1467234
2022-07-04T00:00:00Z,1473180
2022-07-05T00:00:00Z,1485964
2022-07-06T00:00:00Z,1495953
2022-07-07T00:00:00Z,1505938
2022-07-08T00:00:00Z,1515222
2022-07-09T00:00:00Z,1523881
2022-07-10T00:00:00Z,1530304
2022-07-11T00:00:00Z,1534799
2022-07-12T00:00:00Z,1540778
2022-07-13T00:00:00Z,1557648
2022-07-14T00:00:00Z,1569420
2022-07-15T00:00:00Z,1579946
2022-07-16T00:00:00Z,1589099
2022-07-17T00:00:00Z,1596046
2022-07-18T00:00:00Z,1602273
2022-07-19T00:00:00Z,1616067
2022-07-20T00:00:00Z,1626360
2022-07-21T00:00:00Z,1636109
2022-07-22T00:00:00Z,1645092
2022-07-23T00:00:00Z,1652981
2022-07-24T00:00:00Z,1659156
2022-07-25T00:00:00Z,1664707
2022-07-26T00:00:00Z,1677126
2022-07-27T00:00:00Z,1685889
2022-07-28T00:00:00Z,1694454
2022-07-29T00:00:00Z,1702392
2022-07-30T00:00:00Z,1708950
2022-07-31T00:00:00Z,1714056
2022-08-01T00:00:00Z,1718765
2022-08-02T00:00:00Z,1728995
2022-08-03T00:00:00Z,1728995
2022-08-04T00:00:00Z,1742874
2022-08-05T00:00:00Z,1749144
2022-08-06T00:00:00Z,1754777
2022-08-07T00:00:00Z,1759575
2022-08-08T00:00:00Z,1763116
2022-08-09T00:00:00Z,1771081
2022-08-10T00:00:00Z,1773386
2022-08-11T00:00:00Z,1773386
2022-08-12T00:00:00Z,1786643
2022-08-13T00:00:00Z,1791046
2022-08-14T00:00:00Z,1794069
2022-08-15T00:00:00Z,1794069
2022-08-16T00:00:00Z,1801936
2022-08-17T00:00:00Z,1805698
2022-08-18T00:00:00Z,1809251
2022-08-19T00:00:00Z,1812255
2022-08-20T00:00:00Z,1814915
2022-08-21T00:00:00Z,1816866
2022-08-22T00:00:00Z,1818560
2022-08-23T00:00:00Z,1822187
2022-08-24T00:00:00Z,1824832
2022-08-25T00:00:00Z,1827229
2022-08-26T00:00:00Z,1829361
2022-08-27T00:00:00Z,1831332
2022-08-28T00:00:00Z,1832780
2022-08-29T00:00:00Z,1834190
2022-08-30T00:00:00Z,1837090
2022-08-31T00:00:00Z,1839244
2022-09-01T00:00:00Z,1841288
2022-09-02T00:00:00Z,1843236
2022-09-03T00:00:00Z,1844785
2022-09-04T00:00:00Z,1846094
2022-09-05T00:00:00Z,1847270
2022-09-06T00:00:00Z,1850015
2022-09-07T00:00:00Z,1852286
2022-09-08T00:00:00Z,1854455
2022-09-09T00:00:00Z,1856673
2022-09-10T00:00:00Z,1858497
2022-09-11T00:00:00Z,1859937
2022-09-12T00:00:00Z,1861390
2022-09-13T00:00:00Z,1864742
2022-09-14T00:00:00Z,1867168
2022-09-15T00:00:00Z,1869591
2022-09-16T00:00:00Z,1871900
2022-09-17T00:00:00Z,1873747
2022-09-18T00:00:00Z,1875275
2022-09-19T00:00:00Z,1876584
2022-09-20T00:00:00Z,1879806
2022-09-21T00:00:00Z,1882314
2022-09-22T00:00:00Z,1884859
2022-09-23T00:00:00Z,1887202
2022-09-24T00:00:00Z,1889544
2022-09-25T00:00:00Z,1891341
2022-09-26T00:00:00Z,1892947
2022-09-27T00:00:00Z,1897307
2022-09-28T00:00:00Z,1900761
2022-09-29T00:00:00Z,1904192
2022-09-30T00:00:00Z,1907907
2022-10-01T00:00:00Z,1911417
2022-10-02T00:00:00Z,1914280
2022-10-03T00:00:00Z,1916993
2022-10-04T00:00:00Z,1924139
2022-10-05T00:00:00Z,1930062
2022-10-06T00:00:00Z,1936270
2022-10-07T00:00:00Z,1942204
2022-10-08T00:00:00Z,1948402
2022-10-09T00:00:00Z,1953197
2022-10-10T00:00:00Z,1957916
2022-10-11T00:00:00Z,1969648
2022-10-12T00:00:00Z,1979259
2022-10-13T00:00:00Z,1988760
2022-10-14T00:00:00Z,1997847
2022-10-15T00:00:00Z,2005884
2022-10-16T00:00:00Z,2012065
2022-10-17T00:00:00Z,2017261
2022-10-18T00:00:00Z,2029195
2022-10-19T00:00:00Z,2037947
2022-10-20T00:00:00Z,2046123
2022-10-21T00:00:00Z,2053370
2022-10-22T00:00:00Z,2059709
2022-10-23T00:00:00Z,2064163
2022-10-24T00:00:00Z,2067790
2022-10-25T00:00:00Z,2070784
2022-10-26T00:00:00Z,2080341
2022-10-27T00:00:00Z,2086588
2022-10-28T00:00:00Z,2091889
2022-10-29T00:00:00Z,2096520
2022-10-30T00:00:00Z,2099760
2022-10-31T00:00:00Z,2102372
2022-11-01T00:00:00Z,2108024
2022-11-02T00:00:00Z,2112110
2022-11-03T00:00:00Z,2115621
2022-11-04T00:00:00Z,2118749
2022-11-05T00:00:00Z,2121435
2022-11-06T00:00:00Z,2123328
2022-11-07T00:00:00Z,2125004
2022-11-08T00:00:00Z,2128572
2022-11-09T00:00:00Z,2131554
2022-11-10T00:00:00Z,2134319
2022-11-11T00:00:00Z,2136658
2022-11-12T00:00:00Z,2138598
2022-11-13T00:00:00Z,2140099
2022-11-14T00:00:00Z,2141411
2022-11-15T00:00:00Z,2144522
2022-11-16T00:00:00Z,2146706
2022-11-17T00:00:00Z,2148794
2022-11-18T00:00:00Z,2150702
2022-11-19T00:00:00Z,2152368
2022-11-20T00:00:00Z,2153535
2022-11-21T00:00:00Z,2154633
